TYPE,DATE,DDATE,SITE,CCODE,DPTH,RP,VALU
PHYT,2022.09.14,2022.09.14,INSTML,ANKI,SD/2,1,8
PHYT,2022.09.14,2022.09.14,INSTML,KIRC,SD/2,1,24
PHYT,2022.09.14,2022.09.14,INSTML,SCEN,SD/2,1,96
PHYT,2022.09.14,2022.09.14,INSTML,VOLV,SD/2,1,96
PHYT,2022.09.14,2022.09.14,INSTML,FRAG,SD/2,1,8
PHYT,2022.09.14,2022.09.14,INSTML,MERI,SD/2,1,16
PHYT,2022.09.14,2022.09.14,INSTML,UKBC,SD/2,1,208
PHYT,2022.09.14,2022.09.14,INSTML,CERA,SD/2,1,16
PHYT,2022.09.14,2022.09.14,INSTML,ANKI,SD/2,2,17.33
PHYT,2022.09.14,2022.09.14,INSTML,SCEN,SD/2,2,10.67
PHYT,2022.09.14,2022.09.14,INSTML,VOLV,SD/2,2,4
PHYT,2022.09.14,2022.09.14,INSTML,STAU,SD/2,2,1.42
PHYT,2022.09.14,2022.09.14,INSTML,FRAG,SD/2,2,6.67
PHYT,2022.09.14,2022.09.14,INSTML,MERI,SD/2,2,1.33
PHYT,2022.09.14,2022.09.14,INSTML,CLSM,SD/2,2,4
PHYT,2022.09.14,2022.09.14,INSTML,MICR,SD/2,2,5.33
PHYT,2022.09.14,2022.09.14,INSTML,MLTP,SD/2,1,0.125
PHYT,2022.09.14,2022.09.14,INSTML,MLTP,SD/2,2,0.75
ZOOP,2022.09.14,2022.09.14,INSTML,KERI,SD/2,1,175
ZOOP,2022.09.14,2022.09.14,INSTML,POLY,SD/2,1,125
ZOOP,2022.09.14,2022.09.14,INSTML,TRIC,SD/2,1,25
ZOOP,2022.09.14,2022.09.14,INSTML,NAUP,SD/2,1,100
ZOOP,2022.09.14,2022.09.14,INSTML,KERI,SD/2,2,45
ZOOP,2022.09.14,2022.09.14,INSTML,POLY,SD/2,2,30
ZOOP,2022.09.14,2022.09.14,INSTML,TRIC,SD/2,2,30
ZOOP,2022.09.14,2022.09.14,INSTML,BOSM,SD/2,2,20
ZOOP,2022.09.14,2022.09.14,INSTML,DAPH,SD/2,2,15
ZOOP,2022.09.14,2022.09.14,INSTML,LEPT,SD/2,2,15
ZOOP,2022.09.14,2022.09.14,INSTML,NAUP,SD/2,2,150
ZOOP,2022.09.14,2022.09.14,INSTML,MLTZ,SD/2,1,25
ZOOP,2022.09.14,2022.09.14,INSTML,MLTZ,SD/2,2,15
PHYT,2022.09.20,2022.09.20,INSTML,FRAG,SD/2,1,10
PHYT,2022.09.20,2022.09.20,INSTML,APHA,SD/2,1,2
PHYT,2022.09.20,2022.09.20,INSTML,MERI,SD/2,1,32
PHYT,2022.09.20,2022.09.20,INSTML,FRAG,SD/2,2,1.0714
PHYT,2022.09.20,2022.09.20,INSTML,APHA,SD/2,2,0.3571
PHYT,2022.09.20,2022.09.20,INSTML,MERI,SD/2,2,9.642
PHYT,2022.09.20,2022.09.20,INSTML,MICR,SD/2,2,4.2857
PHYT,2022.09.20,2022.09.20,INSTML,CERA,SD/2,2,0.3571
PHYT,2022.09.20,2022.09.20,INSTML,MLTP,SD/2,1,0.5
PHYT,2022.09.20,2022.09.20,INSTML,MLTP,SD/2,2,2.8
ZOOP,2022.09.20,2022.09.20,INSTML,ASPL,SD/2,1,6.786
ZOOP,2022.09.20,2022.09.20,INSTML,POLY,SD/2,1,6.786
ZOOP,2022.09.20,2022.09.20,INSTML,TRIC,SD/2,1,6.786
ZOOP,2022.09.20,2022.09.20,INSTML,LEPT,SD/2,1,27.149
ZOOP,2022.09.20,2022.09.20,INSTML,NAUP,SD/2,1,20.357
ZOOP,2022.09.20,2022.09.20,INSTML,MLTZ,SD/2,1,6.786
PHYT,2022.10.05,2022.10.05,INSTML,SCEN,SD/2,1,35.625
PHYT,2022.10.05,2022.10.05,INSTML,ANAB,SD/2,1,11.875
PHYT,2022.10.05,2022.10.05,INSTML,CLSM,SD/2,1,35.625
PHYT,2022.10.05,2022.10.05,INSTML,CERA,SD/2,1,47.5
PHYT,2022.10.05,2022.10.05,INSTML,FRAG,SD/2,2,22.35
PHYT,2022.10.05,2022.10.05,INSTML,ANAB,SD/2,2,11.176
PHYT,2022.10.05,2022.10.05,INSTML,CLSM,SD/2,2,134.112
PHYT,2022.10.05,2022.10.05,INSTML,CERA,SD/2,2,33.528
PHYT,2022.10.05,2022.10.05,INSTML,MLTP,SD/2,1,0.0842
PHYT,2022.10.05,2022.10.05,INSTML,MLTP,SD/2,2,0.0895
ZOOP,2022.10.05,2022.10.05,INSTML,DAPH,SD/2,1,38.33
ZOOP,2022.10.05,2022.10.05,INSTML,CYCL,SD/2,1,33.33
ZOOP,2022.10.05,2022.10.05,INSTML,DIAP,SD/2,1,66.667
ZOOP,2022.10.05,2022.10.05,INSTML,KERI,SD/2,2,2000
ZOOP,2022.10.05,2022.10.05,INSTML,CERI,SD/2,2,1000
ZOOP,2022.10.05,2022.10.05,INSTML,MLTZ,SD/2,1,33.33
ZOOP,2022.10.05,2022.10.05,INSTML,MLTZ,SD/2,2,1000
PHYT,2022.10.11,2022.10.11,INSTML,STAU,SD/2,1,2
PHYT,2022.10.11,2022.10.11,INSTML,MALO,SD/2,1,11
PHYT,2022.10.11,2022.10.11,INSTML,ASTE,SD/2,1,2
PHYT,2022.10.11,2022.10.11,INSTML,FRAG,SD/2,1,3
PHYT,2022.10.11,2022.10.11,INSTML,ANAB,SD/2,1,9
PHYT,2022.10.11,2022.10.11,INSTML,MICR,SD/2,1,7
PHYT,2022.10.11,2022.10.11,INSTML,CERA,SD/2,1,15
PHYT,2022.10.11,2022.10.11,INSTML,STAU,SD/2,2,2
PHYT,2022.10.11,2022.10.11,INSTML,MALO,SD/2,2,13
PHYT,2022.10.11,2022.10.11,INSTML,ASTE,SD/2,2,1
PHYT,2022.10.11,2022.10.11,INSTML,FRAG,SD/2,2,5
PHYT,2022.10.11,2022.10.11,INSTML,ANAB,SD/2,2,5
PHYT,2022.10.11,2022.10.11,INSTML,MICR,SD/2,2,1
PHYT,2022.10.11,2022.10.11,INSTML,CERA,SD/2,2,12
PHYT,2022.10.11,2022.10.11,INSTML,MLTP,SD/2,1,1
PHYT,2022.10.11,2022.10.11,INSTML,MLTP,SD/2,2,1
ZOOP,2022.10.11,2022.10.11,INSTML,ASPL,SD/2,1,800
ZOOP,2022.10.11,2022.10.11,INSTML,BRAC,SD/2,1,12.5
ZOOP,2022.10.11,2022.10.11,INSTML,KERI,SD/2,1,12.5
ZOOP,2022.10.11,2022.10.11,INSTML,NAUP,SD/2,1,25
ZOOP,2022.10.11,2022.10.11,INSTML,ASPL,SD/2,2,18.18
ZOOP,2022.10.11,2022.10.11,INSTML,KERI,SD/2,2,18.18
ZOOP,2022.10.11,2022.10.11,INSTML,CYCL,SD/2,2,1818
ZOOP,2022.10.11,2022.10.11,INSTML,NAUP,SD/2,2,254.54
ZOOP,2022.10.11,2022.10.11,INSTML,MLTZ,SD/2,1,12.5
ZOOP,2022.10.11,2022.10.11,INSTML,MLTZ,SD/2,2,18.18
PHYT,2022.10.26,2022.10.26,INSTML,ANKI,SD/2,1,3.2
PHYT,2022.10.26,2022.10.26,INSTML,STAU,SD/2,1,2.4
PHYT,2022.10.26,2022.10.26,INSTML,CENT,SD/2,1,19.2
PHYT,2022.10.26,2022.10.26,INSTML,ASTE,SD/2,1,60
PHYT,2022.10.26,2022.10.26,INSTML,FRAG,SD/2,1,16.8
PHYT,2022.10.26,2022.10.26,INSTML,MICR,SD/2,1,0.8
PHYT,2022.10.26,2022.10.26,INSTML,CERA,SD/2,1,8.8
PHYT,2022.10.26,2022.10.26,INSTML,ANKI,SD/2,2,2.67
PHYT,2022.10.26,2022.10.26,INSTML,ASTE,SD/2,2,33.3
PHYT,2022.10.26,2022.10.26,INSTML,ANAB,SD/2,2,1.33
PHYT,2022.10.26,2022.10.26,INSTML,APHA,SD/2,2,1.33
PHYT,2022.10.26,2022.10.26,INSTML,MICR,SD/2,2,4
PHYT,2022.10.26,2022.10.26,INSTML,CERA,SD/2,2,9.33
PHYT,2022.10.26,2022.10.26,INSTML,MLTP,SD/2,1,1.25
PHYT,2022.10.26,2022.10.26,INSTML,MLTP,SD/2,2,0.75
ZOOP,2022.10.26,2022.10.26,INSTML,KERI,SD/2,1,30
ZOOP,2022.10.26,2022.10.26,INSTML,POLY,SD/2,1,60
ZOOP,2022.10.26,2022.10.26,INSTML,CERI,SD/2,1,10
ZOOP,2022.10.26,2022.10.26,INSTML,DIAP,SD/2,1,40
ZOOP,2022.10.26,2022.10.26,INSTML,NAUP,SD/2,1,50
ZOOP,2022.10.26,2022.10.26,INSTML,ASPL,SD/2,2,10
ZOOP,2022.10.26,2022.10.26,INSTML,POLY,SD/2,2,90
ZOOP,2022.10.26,2022.10.26,INSTML,TRIC,SD/2,2,10
ZOOP,2022.10.26,2022.10.26,INSTML,DAPH,SD/2,2,10
ZOOP,2022.10.26,2022.10.26,INSTML,NAUP,SD/2,2,60
ZOOP,2022.10.26,2022.10.26,INSTML,MLTZ,SD/2,1,10
ZOOP,2022.10.26,2022.10.26,INSTML,MLTZ,SD/2,2,10
PHYT,2022.11.01,2022.11.01,INSTML,ANKI,SD/2,1,0.267
PHYT,2022.11.01,2022.11.01,INSTML,MICR,SD/2,1,1.867
PHYT,2022.11.01,2022.11.01,INSTML,ASTE,SD/2,1,76.8
PHYT,2022.11.01,2022.11.01,INSTML,SPHA,SD/2,1,0.8
PHYT,2022.11.01,2022.11.01,INSTML,FRAG,SD/2,1,1.6
PHYT,2022.11.01,2022.11.01,INSTML,CERA,SD/2,1,1.33
PHYT,2022.11.01,2022.11.01,INSTML,UKDI,SD/2,2,1.6
PHYT,2022.11.01,2022.11.01,INSTML,ASTE,SD/2,2,62.4
PHYT,2022.11.01,2022.11.01,INSTML,DINO,SD/2,2,0.8
PHYT,2022.11.01,2022.11.01,INSTML,FRAG,SD/2,2,0.8
PHYT,2022.11.01,2022.11.01,INSTML,CERA,SD/2,2,1.6
PHYT,2022.11.01,2022.11.01,INSTML,ANAB,SD/2,2,0.8
PHYT,2022.11.01,2022.11.01,INSTML,MLTP,SD/2,1,3.75
PHYT,2022.11.01,2022.11.01,INSTML,MLTP,SD/2,2,1.25
ZOOP,2022.11.01,2022.11.01,INSTML,TRIC,SD/2,1,5
ZOOP,2022.11.01,2022.11.01,INSTML,KERI,SD/2,2,107.69
ZOOP,2022.11.01,2022.11.01,INSTML,POLY,SD/2,2,53.85
ZOOP,2022.11.01,2022.11.01,INSTML,UKCL,SD/2,2,38.46
ZOOP,2022.11.01,2022.11.01,INSTML,DIAP,SD/2,2,7.69
ZOOP,2022.11.01,2022.11.01,INSTML,NAUP,SD/2,2,76.92
ZOOP,2022.11.01,2022.11.01,INSTML,MLTZ,SD/2,1,5
ZOOP,2022.11.01,2022.11.01,INSTML,MLTZ,SD/2,2,7.692
PHYT,2022.09.13,2022.09.13,INSTJL,PEDI,SD/2,1,2.5
PHYT,2022.09.13,2022.09.13,INSTJL,FRAG,SD/2,1,7.5
PHYT,2022.09.13,2022.09.13,INSTJL,UKBC,SD/2,1,25
PHYT,2022.09.13,2022.09.13,INSTJL,CLSM,SD/2,1,30
PHYT,2022.09.13,2022.09.13,INSTJL,MICR,SD/2,1,50
PHYT,2022.09.13,2022.09.13,INSTJL,MLTP,SD/2,1,0.4
ZOOP,2022.09.13,2022.09.13,INSTJL,FILI,SD/2,1,12.5
ZOOP,2022.09.13,2022.09.13,INSTJL,KERI,SD/2,1,12.5
ZOOP,2022.09.13,2022.09.13,INSTJL,POLY,SD/2,1,25
ZOOP,2022.09.13,2022.09.13,INSTJL,BOSM,SD/2,1,50
ZOOP,2022.09.13,2022.09.13,INSTJL,DAPH,SD/2,1,37.5
ZOOP,2022.09.13,2022.09.13,INSTJL,LEPT,SD/2,1,12.5
ZOOP,2022.09.13,2022.09.13,INSTJL,NAUP,SD/2,1,75
ZOOP,2022.09.13,2022.09.13,INSTJL,MLTZ,SD/2,1,12.5
PHYT,2022.09.21,2022.09.21,INSTJL,SCEN,SD/2,1,21.97
PHYT,2022.09.21,2022.09.21,INSTJL,FRAG,SD/2,1,7.33
PHYT,2022.09.21,2022.09.21,INSTJL,MERI,SD/2,1,14.65
PHYT,2022.09.21,2022.09.21,INSTJL,CLSM,SD/2,1,117.26
PHYT,2022.09.21,2022.09.21,INSTJL,CERA,SD/2,1,21.98
PHYT,2022.09.21,2022.09.21,INSTJL,ANKI,SD/2,2,2.58
PHYT,2022.09.21,2022.09.21,INSTJL,MICR,SD/2,2,8.39
PHYT,2022.09.21,2022.09.21,INSTJL,FRAG,SD/2,2,0.645
PHYT,2022.09.21,2022.09.21,INSTJL,MERI,SD/2,2,2.58
PHYT,2022.09.21,2022.09.21,INSTJL,OSCI,SD/2,2,2.58
PHYT,2022.09.21,2022.09.21,INSTJL,CLSM,SD/2,2,1.94
PHYT,2022.09.21,2022.09.21,INSTJL,CERA,SD/2,2,1.29
PHYT,2022.09.21,2022.09.21,INSTJL,MLTP,SD/2,1,0.1365
PHYT,2022.09.21,2022.09.21,INSTJL,MLTP,SD/2,2,1.55
ZOOP,2022.09.21,2022.09.21,INSTJL,POLY,SD/2,1,95.6
ZOOP,2022.09.21,2022.09.21,INSTJL,DIAP,SD/2,1,14.71
ZOOP,2022.09.21,2022.09.21,INSTJL,NAUP,SD/2,1,29.4
ZOOP,2022.09.21,2022.09.21,INSTJL,CERI,SD/2,1,7.35
ZOOP,2022.09.21,2022.09.21,INSTJL,FSHK,SD/2,2,7.57
ZOOP,2022.09.21,2022.09.21,INSTJL,BRAC,SD/2,2,75.7
ZOOP,2022.09.21,2022.09.21,INSTJL,KERI,SD/2,2,22.71
ZOOP,2022.09.21,2022.09.21,INSTJL,BOSM,SD/2,2,30.28
ZOOP,2022.09.21,2022.09.21,INSTJL,DAPH,SD/2,2,113.55
ZOOP,2022.09.21,2022.09.21,INSTJL,LEPT,SD/2,2,22.71
ZOOP,2022.09.21,2022.09.21,INSTJL,CYCL,SD/2,2,15.14
ZOOP,2022.09.21,2022.09.21,INSTJL,DAIP,SD/2,2,52.99
ZOOP,2022.09.21,2022.09.21,INSTJL,NAUP,SD/2,2,75.7
ZOOP,2022.09.21,2022.09.21,INSTJL,MLTZ,SD/2,1,7.35
ZOOP,2022.09.21,2022.09.21,INSTJL,MLTZ,SD/2,2,7.57
PHYT,2022.10.04,2022.10.04,INSTJL,FRAG,SD/2,1,19.46
PHYT,2022.10.04,2022.10.04,INSTJL,ASTE,SD/2,1,38.93
PHYT,2022.10.04,2022.10.04,INSTJL,MICR,SD/2,1,32.44
PHYT,2022.10.04,2022.10.04,INSTJL,ANAB,SD/2,1,2.16
PHYT,2022.10.04,2022.10.04,INSTJL,CLSM,SD/2,1,99.48
PHYT,2022.10.04,2022.10.04,INSTJL,CERA,SD/2,1,15.14
PHYT,2022.10.04,2022.10.04,INSTJL,MLTP,SD/2,1,0.4624
ZOOP,2022.10.04,2022.10.04,INSTJL,ASPL,SD/2,1,17.64
ZOOP,2022.10.04,2022.10.04,INSTJL,BRAC,SD/2,1,5.88
ZOOP,2022.10.04,2022.10.04,INSTJL,BOSM,SD/2,1,29.41
ZOOP,2022.10.04,2022.10.04,INSTJL,DAPH,SD/2,1,35.29
ZOOP,2022.10.04,2022.10.04,INSTJL,LEPT,SD/2,1,5.88
ZOOP,2022.10.04,2022.10.04,INSTJL,SIMO,SD/2,1,5.88
ZOOP,2022.10.04,2022.10.04,INSTJL,CYCL,SD/2,1,23.53
ZOOP,2022.10.04,2022.10.04,INSTJL,NAUP,SD/2,1,70.59
ZOOP,2022.10.04,2022.10.04,INSTJL,MLTZ,SD/2,1,5.88
PHYT,2022.10.12,2022.10.12,INSTJL,ANKI,SD/2,1,2.19
PHYT,2022.10.12,2022.10.12,INSTJL,SCEN,SD/2,1,1.09
PHYT,2022.10.12,2022.10.12,INSTJL,STAU,SD/2,1,1.09
PHYT,2022.10.12,2022.10.12,INSTJL,FRAG,SD/2,1,73.22
PHYT,2022.10.12,2022.10.12,INSTJL,ASTE,SD/2,1,7.65
PHYT,2022.10.12,2022.10.12,INSTJL,APHA,SD/2,1,1.09
PHYT,2022.10.12,2022.10.12,INSTJL,CLSM,SD/2,1,3.27
PHYT,2022.10.12,2022.10.12,INSTJL,CERA,SD/2,1,64.48
PHYT,2022.10.12,2022.10.12,INSTJL,PEDI,SD/2,2,2.06
PHYT,2022.10.12,2022.10.12,INSTJL,UKDI,SD/2,2,7.22
PHYT,2022.10.12,2022.10.12,INSTJL,FRAG,SD/2,2,29.9
PHYT,2022.10.12,2022.10.12,INSTJL,MICR,SD/2,2,4.12
PHYT,2022.10.12,2022.10.12,INSTJL,MERI,SD/2,2,1.03
PHYT,2022.10.12,2022.10.12,INSTJL,CERA,SD/2,2,30.93
PHYT,2022.10.12,2022.10.12,INSTJL,MLTP,SD/2,1,0.915
PHYT,2022.10.12,2022.10.12,INSTJL,MLTP,SD/2,2,0.97
ZOOP,2022.10.12,2022.10.12,INSTJL,KERI,SD/2,1,11.9
ZOOP,2022.10.12,2022.10.12,INSTJL,TRIC,SD/2,1,23.8
ZOOP,2022.10.12,2022.10.12,INSTJL,CYCL,SD/2,1,11.9
ZOOP,2022.10.12,2022.10.12,INSTJL,DIAP,SD/2,1,11.9
ZOOP,2022.10.12,2022.10.12,INSTJL,VORT,SD/2,1,11.9
ZOOP,2022.10.12,2022.10.12,INSTJL,BOSM,SD/2,2,7.69
ZOOP,2022.10.12,2022.10.12,INSTJL,NAUP,SD/2,2,23.07
ZOOP,2022.10.12,2022.10.12,INSTJL,MLTZ,SD/2,1,11.9
ZOOP,2022.10.12,2022.10.12,INSTJL,MLTZ,SD/2,2,7.69
PHYT,2022.10.25,2022.10.25,INSTJL,CENT,SD/2,1,101.25
PHYT,2022.10.25,2022.10.25,INSTJL,FRAG,SD/2,1,5
PHYT,2022.10.25,2022.10.25,INSTJL,MICR,SD/2,1,16.25
PHYT,2022.10.25,2022.10.25,INSTJL,CERA,SD/2,1,875
PHYT,2022.10.25,2022.10.25,INSTJL,CENT,SD/2,2,68
PHYT,2022.10.25,2022.10.25,INSTJL,FRAG,SD/2,2,12
PHYT,2022.10.25,2022.10.25,INSTJL,MICR,SD/2,2,8
PHYT,2022.10.25,2022.10.25,INSTJL,CERA,SD/2,2,4
PHYT,2022.10.25,2022.10.25,INSTJL,MLTP,SD/2,1,0.8
PHYT,2022.10.25,2022.10.25,INSTJL,MLTP,SD/2,2,0.5
ZOOP,2022.10.25,2022.10.25,INSTJL,BRAC,SD/2,1,5
ZOOP,2022.10.25,2022.10.25,INSTJL,BOSM,SD/2,1,10
ZOOP,2022.10.25,2022.10.25,INSTJL,DAPH,SD/2,1,20
ZOOP,2022.10.25,2022.10.25,INSTJL,CYCL,SD/2,1,5
ZOOP,2022.10.25,2022.10.25,INSTJL,DIAP,SD/2,1,10
ZOOP,2022.10.25,2022.10.25,INSTJL,NAUP,SD/2,1,5
ZOOP,2022.10.25,2022.10.25,INSTJL,MLTZ,SD/2,1,5
ZOOP,2022.10.25,2022.10.25,INSTJL,MLTZ,SD/2,1,5
PHYT,2022.11.2,2022.11.2,INSTJL,ASTE,SD/2,1,1.33
PHYT,2022.11.2,2022.11.2,INSTJL,CENT,SD/2,1,44.67
PHYT,2022.11.2,2022.11.2,INSTJL,FRAG,SD/2,1,0.667
PHYT,2022.11.2,2022.11.2,INSTJL,CERA,SD/2,1,4
PHYT,2022.11.2,2022.11.2,INSTJL,PEDI,SD/2,2,2
PHYT,2022.11.2,2022.11.2,INSTJL,MICR,SD/2,2,5
PHYT,2022.11.2,2022.11.2,INSTJL,STAU,SD/2,2,0.5
PHYT,2022.11.2,2022.11.2,INSTJL,CENT,SD/2,2,65
PHYT,2022.11.2,2022.11.2,INSTJL,OSCI,SD/2,2,1
PHYT,2022.11.2,2022.11.2,INSTJL,FRAG,SD/2,2,1
PHYT,2022.11.2,2022.11.2,INSTJL,CERA,SD/2,2,1
PHYT,2022.11.2,2022.11.2,INSTJL,MLTP,SD/2,1,1.5
PHYT,2022.11.2,2022.11.2,INSTJL,MLTP,SD/2,2,2
ZOOP,2022.11.2,2022.11.2,INSTJL,BOSM,SD/2,1,5
ZOOP,2022.11.2,2022.11.2,INSTJL,DAPH,SD/2,1,25
ZOOP,2022.11.2,2022.11.2,INSTJL,CYCL,SD/2,1,5
ZOOP,2022.11.2,2022.11.2,INSTJL,DIAP,SD/2,1,10
ZOOP,2022.11.2,2022.11.2,INSTJL,NAUP,SD/2,1,10
ZOOP,2022.11.2,2022.11.2,INSTJL,ASPL,SD/2,2,5
ZOOP,2022.11.2,2022.11.2,INSTJL,BOSM,SD/2,2,10
ZOOP,2022.11.2,2022.11.2,INSTJL,DAPH,SD/2,2,20
ZOOP,2022.11.2,2022.11.2,INSTJL,DIAP,SD/2,2,35
ZOOP,2022.11.2,2022.11.2,INSTJL,NAUP,SD/2,2,40
ZOOP,2022.11.2,2022.11.2,INSTJL,MLTZ,SD/2,1,5
ZOOP,2022.11.2,2022.11.2,INSTJL,MLTZ,SD/2,2,5
OXTE,2022.09.06,9/6/2022,INSTML,SECD,ME00,1,1.375
OXTE,2022.09.06,9/6/2022,INSTML,AIRT,ME00,1,25.5
OXTE,2022.09.06,9/6/2022,INSTML,TEMP,ME00,1,26
OXTE,2022.09.06,9/6/2022,INSTML,TEMP,ME01,1,25.2
OXTE,2022.09.06,9/6/2022,INSTML,TEMP,ME02,1,25
OXTE,2022.09.06,9/6/2022,INSTML,TEMP,ME03,1,24.7
OXTE,2022.09.06,9/6/2022,INSTML,TEMP,ME04,1,24.4
OXTE,2022.09.06,9/6/2022,INSTML,TEMP,ME05,1,21.9
OXTE,2022.09.06,9/6/2022,INSTML,TEMP,ME06,1,17.2
OXTE,2022.09.06,9/6/2022,INSTML,TEMP,ME07,1,11.2
OXTE,2022.09.06,9/6/2022,INSTML,TEMP,ME08,1,9
OXTE,2022.09.06,9/6/2022,INSTML,TEMP,ME09,1,9
OXTE,2022.09.14,9/14/2022,INSTML,SECD,ME00,1,1.5
OXTE,2022.09.14,9/14/2022,INSTML,AIRT,ME00,1,24.5
OXTE,2022.09.14,9/14/2022,INSTML,TEMP,ME00,1,20.1
OXTE,2022.09.14,9/14/2022,INSTML,TEMP,ME01,1,19.5
OXTE,2022.09.14,9/14/2022,INSTML,TEMP,ME02,1,9
OXTE,2022.09.14,9/14/2022,INSTML,TEMP,ME03,1,18.6
OXTE,2022.09.14,9/14/2022,INSTML,TEMP,ME04,1,17.9
OXTE,2022.09.14,9/14/2022,INSTML,TEMP,ME05,1,17.2
OXTE,2022.09.14,9/14/2022,INSTML,TEMP,ME06,1,16.4
OXTE,2022.09.14,9/14/2022,INSTML,TEMP,ME07,1,15.9
OXTE,2022.09.14,9/14/2022,INSTML,TEMP,ME08,1,15.6
OXTE,2022.09.14,9/14/2022,INSTML,TEMP,ME09,1,15.6
OXTE,2022.09.14,9/14/2022,INSTML,TEMP,ME10,1,15.5
CHEM,2022.09.14,9/14/2022,INSTML,ALKC,SURF,1,0
CHEM,2022.09.14,9/14/2022,INSTML,ALKC,SURF,2,0
CHEM,2022.09.14,9/14/2022,INSTML,ALKC,BOTT,1,0
CHEM,2022.09.14,9/14/2022,INSTML,ALKC,BOTT,2,0
CHEM,2022.09.14,9/14/2022,INSTML,ALKB,SURF,1,188
CHEM,2022.09.14,9/14/2022,INSTML,ALKB,SURF,2,160
CHEM,2022.09.14,9/14/2022,INSTML,ALKB,BOTT,1,252
CHEM,2022.09.14,9/14/2022,INSTML,ALKB,BOTT,2,258
CHEM,2022.09.14,9/14/2022,INSTML,COPR,SURF,1,0
CHEM,2022.09.14,9/14/2022,INSTML,COPR,SURF,2,0
CHEM,2022.09.14,9/14/2022,INSTML,COPR,BOTT,1,0
CHEM,2022.09.14,9/14/2022,INSTML,COPR,BOTT,2,0
CHEM,2022.09.14,9/14/2022,INSTML,MANG,SURF,1,0
CHEM,2022.09.14,9/14/2022,INSTML,MANG,SURF,2,0
CHEM,2022.09.14,9/14/2022,INSTML,MANG,BOTT,1,0
CHEM,2022.09.14,9/14/2022,INSTML,MANG,BOTT,2,0
CHEM,2022.09.14,9/14/2022,INSTML,NTAM,BOTT,1,2.5
CHEM,2022.09.14,9/14/2022,INSTML,NTRA,SURF,1,0.1
CHEM,2022.09.14,9/14/2022,INSTML,NTRA,SURF,2,0.1
CHEM,2022.09.14,9/14/2022,INSTML,NTRA,BOTT,1,1.8
CHEM,2022.09.14,9/14/2022,INSTML,NTRA,BOTT,2,2.6
CHEM,2022.09.14,9/14/2022,INSTML,PORT,SURF,1,0.04
CHEM,2022.09.14,9/14/2022,INSTML,PORT,SURF,2,0.02
CHEM,2022.09.14,9/14/2022,INSTML,PORT,BOTT,1,0.72
CHEM,2022.09.14,9/14/2022,INSTML,PORT,BOTT,2,1.23
CHEM,2022.09.14,9/14/2022,INSTML,SIDE,SURF,1,0
CHEM,2022.09.14,9/14/2022,INSTML,SIDE,SURF,2,0
CHEM,2022.09.14,9/14/2022,INSTML,SIDE,BOTT,1,0.6
CHEM,2022.09.14,9/14/2022,INSTML,SIDE,BOTT,2,0.6
BENT,2022.09.14,9/14/2022,INSTML,MLTB,DEEP,1,1
BENT,2022.09.14,9/14/2022,INSTML,MLTB,DEEP,2,1
BENT,2022.09.14,9/14/2022,INSTML,OPHR,DEEP,1,5
BENT,2022.09.14,9/14/2022,INSTML,DCHA,DEEP,2,1
BENT,2022.09.14,9/14/2022,INSTML,MLTB,SHAL,1,1
BENT,2022.09.14,9/14/2022,INSTML,MLTB,SHAL,2,1
BENT,2022.09.14,9/14/2022,INSTML,DCHA,SHAL,1,1
BENT,2022.09.14,9/14/2022,INSTML,DCHI,SHAL,1,3
BENT,2022.09.14,9/14/2022,INSTML,DCHI,SHAL,2,2
BENT,2022.09.14,9/14/2022,INSTML,HYAC,SHAL,1,2
OXTE,2022.09.20,9/20/2022,INSTML,SECD,ME00,1,1.875
OXTE,2022.09.20,9/20/2022,INSTML,AIRT,ME00,1,20.8
OXTE,2022.09.20,9/20/2022,INSTML,TEMP,ME00,1,23.7
OXTE,2022.09.20,9/20/2022,INSTML,TEMP,ME01,1,23.7
OXTE,2022.09.20,9/20/2022,INSTML,TEMP,ME02,1,23.5
OXTE,2022.09.20,9/20/2022,INSTML,TEMP,ME03,1,23.1
OXTE,2022.09.20,9/20/2022,INSTML,TEMP,ME04,1,22.4
OXTE,2022.09.20,9/20/2022,INSTML,TEMP,ME05,1,21.5
OXTE,2022.09.20,9/20/2022,INSTML,TEMP,ME06,1,18.1
OXTE,2022.09.20,9/20/2022,INSTML,TEMP,ME07,1,16.3
OXTE,2022.09.20,9/20/2022,INSTML,TEMP,ME08,1,16.3
OXTE,2022.09.20,9/20/2022,INSTML,TEMP,ME09,1,16.2
CHEM,2022.09.20,9/20/2022,INSTML,ALKC,SURF,1,0
CHEM,2022.09.20,9/20/2022,INSTML,ALKC,SURF,2,0
CHEM,2022.09.20,9/20/2022,INSTML,ALKC,BOTT,1,0
CHEM,2022.09.20,9/20/2022,INSTML,ALKC,BOTT,2,0
CHEM,2022.09.20,9/20/2022,INSTML,ALKB,SURF,1,140
CHEM,2022.09.20,9/20/2022,INSTML,ALKB,SURF,2,144
CHEM,2022.09.20,9/20/2022,INSTML,ALKB,BOTT,1,160
CHEM,2022.09.20,9/20/2022,INSTML,ALKB,BOTT,2,180
CHEM,2022.09.20,9/20/2022,INSTML,COPR,SURF,1,0.01
CHEM,2022.09.20,9/20/2022,INSTML,COPR,SURF,2,0
CHEM,2022.09.20,9/20/2022,INSTML,COPR,BOTT,1,0.01
CHEM,2022.09.20,9/20/2022,INSTML,COPR,BOTT,2,0.02
CHEM,2022.09.20,9/20/2022,INSTML,MANG,SURF,1,0.4
CHEM,2022.09.20,9/20/2022,INSTML,MANG,SURF,2,0.4
CHEM,2022.09.20,9/20/2022,INSTML,MANG,BOTT,1,0.5
CHEM,2022.09.20,9/20/2022,INSTML,MANG,BOTT,2,0.6
CHEM,2022.09.20,9/20/2022,INSTML,NTAM,SURF,1,0
CHEM,2022.09.20,9/20/2022,INSTML,NTAM,SURF,2,0
CHEM,2022.09.20,9/20/2022,INSTML,NTAM,BOTT,1,0.06
CHEM,2022.09.20,9/20/2022,INSTML,NTAM,BOTT,2,0
CHEM,2022.09.20,9/20/2022,INSTML,NTRA,SURF,1,0
CHEM,2022.09.20,9/20/2022,INSTML,NTRA,SURF,2,0.1
CHEM,2022.09.20,9/20/2022,INSTML,NTRA,BOTT,1,0
CHEM,2022.09.20,9/20/2022,INSTML,NTRA,BOTT,2,0.1
CHEM,2022.09.20,9/20/2022,INSTML,PORT,SURF,1,0.06
CHEM,2022.09.20,9/20/2022,INSTML,PORT,SURF,2,0.05
CHEM,2022.09.20,9/20/2022,INSTML,PORT,BOTT,1,0
CHEM,2022.09.20,9/20/2022,INSTML,PORT,BOTT,2,0.01
CHEM,2022.09.20,9/20/2022,INSTML,SIDE,SURF,1,0.001
CHEM,2022.09.20,9/20/2022,INSTML,SIDE,SURF,2,0
CHEM,2022.09.20,9/20/2022,INSTML,SIDE,BOTT,1,0.001
CHEM,2022.09.20,9/20/2022,INSTML,SIDE,BOTT,2,0.004
BENT,2022.09.20,9/20/2022,INSTML,MLTB,SHAL,1,1
BENT,2022.09.20,9/20/2022,INSTML,MLTB,SHAL,2,1
BENT,2022.09.20,9/20/2022,INSTML,DCHI,SHAL,1,6
BENT,2022.09.20,9/20/2022,INSTML,DCER,SHAL,2,2
BENT,2022.09.20,9/20/2022,INSTML,HYAC,SHAL,1,6
BENT,2022.09.20,9/20/2022,INSTML,OPHR,SHAL,1,14
BENT,2022.09.20,9/20/2022,INSTML,HYAC,SHAL,2,1
BENT,2022.09.20,9/20/2022,INSTML,MLTB,DEEP,2,1
BENT,2022.09.20,9/20/2022,INSTML,DCER,DEEP,2,4
OXTE,2022.10.05,10/5/2022,INSTML,SECD,ME00,1,2.25
OXTE,2022.10.05,10/5/2022,INSTML,AIRT,ME00,1,23
OXTE,2022.10.05,10/5/2022,INSTML,TEMP,ME00,1,18.7
OXTE,2022.10.05,10/5/2022,INSTML,TEMP,ME01,1,18.1
OXTE,2022.10.05,10/5/2022,INSTML,TEMP,ME02,1,17.4
OXTE,2022.10.05,10/5/2022,INSTML,TEMP,ME03,1,17.3
OXTE,2022.10.05,10/5/2022,INSTML,TEMP,ME04,1,17.2
OXTE,2022.10.05,10/5/2022,INSTML,TEMP,ME05,1,17.1
OXTE,2022.10.05,10/5/2022,INSTML,TEMP,ME06,1,16.9
OXTE,2022.10.05,10/5/2022,INSTML,TEMP,ME07,1,14.1
OXTE,2022.10.05,10/5/2022,INSTML,TEMP,ME08,1,10.3
CHEM,2022.10.05,10/5/2022,INSTML,ALKC,SURF,1,0
CHEM,2022.10.05,10/5/2022,INSTML,ALKC,SURF,2,0
CHEM,2022.10.05,10/5/2022,INSTML,ALKC,BOTT,1,0
CHEM,2022.10.05,10/5/2022,INSTML,ALKC,BOTT,2,0
CHEM,2022.10.05,10/5/2022,INSTML,ALKB,SURF,1,174
CHEM,2022.10.05,10/5/2022,INSTML,ALKB,SURF,2,196
CHEM,2022.10.05,10/5/2022,INSTML,ALKB,BOTT,1,192
CHEM,2022.10.05,10/5/2022,INSTML,ALKB,BOTT,2,214
CHEM,2022.10.05,10/5/2022,INSTML,COPR,SURF,1,0.01
CHEM,2022.10.05,10/5/2022,INSTML,COPR,SURF,2,0.02
CHEM,2022.10.05,10/5/2022,INSTML,COPR,BOTT,1,0.01
CHEM,2022.10.05,10/5/2022,INSTML,COPR,BOTT,2,0.02
CHEM,2022.10.05,10/5/2022,INSTML,PORT,SURF,1,0.01
CHEM,2022.10.05,10/5/2022,INSTML,PORT,SURF,2,0
CHEM,2022.10.05,10/5/2022,INSTML,PORT,BOTT,1,0.06
CHEM,2022.10.05,10/5/2022,INSTML,PORT,BOTT,2,0.27
CHEM,2022.10.05,10/5/2022,INSTML,NTAM,SURF,1,0.23
CHEM,2022.10.05,10/5/2022,INSTML,NTRA,SURF,1,0.1
CHEM,2022.10.05,10/5/2022,INSTML,NTRA,SURF,2,0.1
CHEM,2022.10.05,10/5/2022,INSTML,NTRA,BOTT,1,0.1
CHEM,2022.10.05,10/5/2022,INSTML,NTRA,BOTT,2,0.2
BENT,2022.10.05,10/5/2022,INSTML,MLTB,SHAL,1,2
BENT,2022.10.05,10/5/2022,INSTML,MLTB,SHAL,2,1
BENT,2022.10.05,10/5/2022,INSTML,OALI,SHAL,1,2
BENT,2022.10.05,10/5/2022,INSTML,DCHA,SHAL,1,2
BENT,2022.10.05,10/5/2022,INSTML,DCER,SHAL,1,2
BENT,2022.10.05,10/5/2022,INSTML,MOGA,SHAL,1,2
BENT,2022.10.05,10/5/2022,INSTML,DCHA,SHAL,2,1
BENT,2022.10.05,10/5/2022,INSTML,DCHI,SHAL,2,3
BENT,2022.10.05,10/5/2022,INSTML,ANOL,SHAL,2,17
BENT,2022.10.05,10/5/2022,INSTML,MLTB,DEEP,1,1
BENT,2022.10.05,10/5/2022,INSTML,DCHA,DEEP,1,5
OXTE,2022.10.11,10/11/2022,INSTML,SECD,ME00,1,1.75
OXTE,2022.10.11,10/11/2022,INSTML,TEMP,ME00,1,22.1
OXTE,2022.10.11,10/11/2022,INSTML,TEMP,ME01,1,21.8
OXTE,2022.10.11,10/11/2022,INSTML,TEMP,ME02,1,21.6
OXTE,2022.10.11,10/11/2022,INSTML,TEMP,ME03,1,21
OXTE,2022.10.11,10/11/2022,INSTML,TEMP,ME04,1,20.7
OXTE,2022.10.11,10/11/2022,INSTML,TEMP,ME05,1,20.5
OXTE,2022.10.11,10/11/2022,INSTML,TEMP,ME06,1,20.2
OXTE,2022.10.11,10/11/2022,INSTML,TEMP,ME07,1,19.9
OXTE,2022.10.11,10/11/2022,INSTML,TEMP,ME08,1,19.6
OXTE,2022.10.11,10/11/2022,INSTML,TEMP,ME09,1,19.2
CHEM,2022.10.11,10/11/2022,INSTML,ALKC,SURF,1,0
CHEM,2022.10.11,10/11/2022,INSTML,ALKC,SURF,2,0
CHEM,2022.10.11,10/11/2022,INSTML,ALKC,BOTT,1,0
CHEM,2022.10.11,10/11/2022,INSTML,ALKC,BOTT,2,0
CHEM,2022.10.11,10/11/2022,INSTML,ALKB,SURF,1,160
CHEM,2022.10.11,10/11/2022,INSTML,ALKB,SURF,2,188
CHEM,2022.10.11,10/11/2022,INSTML,ALKB,BOTT,1,200
CHEM,2022.10.11,10/11/2022,INSTML,ALKB,BOTT,2,198
CHEM,2022.10.11,10/11/2022,INSTML,COPR,SURF,1,0.09
CHEM,2022.10.11,10/11/2022,INSTML,COPR,SURF,2,0.01
CHEM,2022.10.11,10/11/2022,INSTML,COPR,BOTT,1,0.04
CHEM,2022.10.11,10/11/2022,INSTML,COPR,BOTT,2,0.01
CHEM,2022.10.11,10/11/2022,INSTML,MANG,SURF,1,0.1
CHEM,2022.10.11,10/11/2022,INSTML,MANG,SURF,2,0.1
CHEM,2022.10.11,10/11/2022,INSTML,MANG,BOTT,1,0.5
CHEM,2022.10.11,10/11/2022,INSTML,MANG,BOTT,2,0.5
CHEM,2022.10.11,10/11/2022,INSTML,PORT,SURF,1,0
CHEM,2022.10.11,10/11/2022,INSTML,PORT,SURF,2,0
CHEM,2022.10.11,10/11/2022,INSTML,PORT,BOTT,1,0.57
CHEM,2022.10.11,10/11/2022,INSTML,PORT,BOTT,2,0.57
CHEM,2022.10.11,10/11/2022,INSTML,NTAM,SURF,1,0.12
CHEM,2022.10.11,10/11/2022,INSTML,NTAM,SURF,2,0.01
CHEM,2022.10.11,10/11/2022,INSTML,NTAM,BOTT,1,1.49
CHEM,2022.10.11,10/11/2022,INSTML,NTAM,BOTT,2,1.46
CHEM,2022.10.11,10/11/2022,INSTML,NTRA,SURF,1,0.1
CHEM,2022.10.11,10/11/2022,INSTML,NTRA,SURF,2,0.1
CHEM,2022.10.11,10/11/2022,INSTML,NTRA,BOTT,1,0.1
CHEM,2022.10.11,10/11/2022,INSTML,NTRA,BOTT,2,0.1
CHEM,2022.10.11,10/11/2022,INSTML,SIDE,SURF,1,0.003
CHEM,2022.10.11,10/11/2022,INSTML,SIDE,SURF,2,0.001
CHEM,2022.10.11,10/11/2022,INSTML,SIDE,BOTT,1,0.004
CHEM,2022.10.11,10/11/2022,INSTML,SIDE,BOTT,2,0.008
BENT,2022.10.11,10/11/2022,INSTML,MLTB,SHAL,1,5
BENT,2022.10.11,10/11/2022,INSTML,MLTB,SHAL,2,10
BENT,2022.10.11,10/11/2022,INSTML,DCHI,SHAL,1,20
BENT,2022.10.11,10/11/2022,INSTML,DCHI,SHAL,2,60
BENT,2022.10.11,10/11/2022,INSTML,MLTB,DEEP,1,1
BENT,2022.10.11,10/11/2022,INSTML,MLTB,DEEP,2,1
BENT,2022.10.11,10/11/2022,INSTML,DCHA,DEEP,1,18
BENT,2022.10.11,10/11/2022,INSTML,DCHA,DEEP,2,13
BENT,2022.10.11,10/11/2022,INSTML,DCHI,DEEP,1,1
BENT,2022.10.11,10/11/2022,INSTML,HYAC,DEEP,2,1
OXTE,2022.10.26,10/26/2022,INSTML,SECD,ME00,1,2.5
OXTE,2022.10.26,10/26/2022,INSTML,AIRT,ME00,1,9
OXTE,2022.10.26,10/26/2022,INSTML,TEMP,ME00,1,14.9
OXTE,2022.10.26,10/26/2022,INSTML,TEMP,ME01,1,14.8
OXTE,2022.10.26,10/26/2022,INSTML,TEMP,ME02,1,14.7
OXTE,2022.10.26,10/26/2022,INSTML,TEMP,ME03,1,14.7
OXTE,2022.10.26,10/26/2022,INSTML,TEMP,ME04,1,14.6
OXTE,2022.10.26,10/26/2022,INSTML,TEMP,ME05,1,14.5
OXTE,2022.10.26,10/26/2022,INSTML,TEMP,ME06,1,14.3
OXTE,2022.10.26,10/26/2022,INSTML,TEMP,ME07,1,14.1
OXTE,2022.10.26,10/26/2022,INSTML,TEMP,ME08,1,12.9
OXTE,2022.10.26,10/26/2022,INSTML,TEMP,ME09,1,12.7
CHEM,2022.10.26,10/26/2022,INSTML,ALKC,SURF,1,0
CHEM,2022.10.26,10/26/2022,INSTML,ALKC,SURF,2,0
CHEM,2022.10.26,10/26/2022,INSTML,ALKC,BOTT,1,0
CHEM,2022.10.26,10/26/2022,INSTML,ALKC,BOTT,2,0
CHEM,2022.10.26,10/26/2022,INSTML,ALKB,SURF,1,176
CHEM,2022.10.26,10/26/2022,INSTML,ALKB,SURF,2,184
CHEM,2022.10.26,10/26/2022,INSTML,ALKB,BOTT,1,178
CHEM,2022.10.26,10/26/2022,INSTML,ALKB,BOTT,2,230
CHEM,2022.10.26,10/26/2022,INSTML,COPR,SURF,1,0.02
CHEM,2022.10.26,10/26/2022,INSTML,COPR,SURF,2,0.01
CHEM,2022.10.26,10/26/2022,INSTML,COPR,BOTT,1,0.03
CHEM,2022.10.26,10/26/2022,INSTML,COPR,BOTT,2,0.01
CHEM,2022.10.26,10/26/2022,INSTML,MANG,SURF,1,0
CHEM,2022.10.26,10/26/2022,INSTML,MANG,SURF,2,0
CHEM,2022.10.26,10/26/2022,INSTML,MANG,BOTT,1,0
CHEM,2022.10.26,10/26/2022,INSTML,MANG,BOTT,2,0
CHEM,2022.10.26,10/26/2022,INSTML,NTAM,SURF,1,0.16
CHEM,2022.10.26,10/26/2022,INSTML,NTAM,SURF,2,0.13
CHEM,2022.10.26,10/26/2022,INSTML,NTAM,BOTT,1,0.56
CHEM,2022.10.26,10/26/2022,INSTML,NTAM,BOTT,2,0.2
CHEM,2022.10.26,10/26/2022,INSTML,NTRA,SURF,1,0.1
CHEM,2022.10.26,10/26/2022,INSTML,NTRA,SURF,2,0.1
CHEM,2022.10.26,10/26/2022,INSTML,NTRA,BOTT,1,0.1
CHEM,2022.10.26,10/26/2022,INSTML,NTRA,BOTT,2,0.1
CHEM,2022.10.26,10/26/2022,INSTML,PORT,SURF,1,0.07
CHEM,2022.10.26,10/26/2022,INSTML,PORT,SURF,2,0.05
CHEM,2022.10.26,10/26/2022,INSTML,PORT,BOTT,1,0.07
CHEM,2022.10.26,10/26/2022,INSTML,PORT,BOTT,2,0.07
CHEM,2022.10.26,10/26/2022,INSTML,SIDE,SURF,1,0.001
CHEM,2022.10.26,10/26/2022,INSTML,SIDE,SURF,2,0.001
CHEM,2022.10.26,10/26/2022,INSTML,SIDE,BOTT,1,0.001
CHEM,2022.10.26,10/26/2022,INSTML,SIDE,BOTT,2,0.002
BENT,2022.10.26,10/26/2022,INSTML,MLTB,DEEP,1,1
BENT,2022.10.26,10/26/2022,INSTML,MLTB,DEEP,2,1
BENT,2022.10.26,10/26/2022,INSTML,DCHI,DEEP,1,2
BENT,2022.10.26,10/26/2022,INSTML,CRAM,DEEP,1,1
BENT,2022.10.26,10/26/2022,INSTML,MOGA,DEEP,1,1
BENT,2022.10.26,10/26/2022,INSTML,MOPE,DEEP,1,3
BENT,2022.10.26,10/26/2022,INSTML,ANOL,DEEP,1,1
BENT,2022.10.26,10/26/2022,INSTML,OPHR,DEEP,2,15
BENT,2022.10.26,10/26/2022,INSTML,DCHA,DEEP,2,7
BENT,2022.10.26,10/26/2022,INSTML,MLTB,SHAL,1,1
BENT,2022.10.26,10/26/2022,INSTML,MLTB,SHAL,1,1
BENT,2022.10.26,10/26/2022,INSTML,ECAE,SHAL,2,1
BENT,2022.10.26,10/26/2022,INSTML,DCHI,SHAL,1,8
BENT,2022.10.26,10/26/2022,INSTML,DCHI,SHAL,2,16
BENT,2022.10.26,10/26/2022,INSTML,HYAC,SHAL,1,2
BENT,2022.10.26,10/26/2022,INSTML,OPHR,SHAL,1,117
BENT,2022.10.26,10/26/2022,INSTML,OPHR,SHAL,2,94
BENT,2022.10.26,10/26/2022,INSTML,ANOL,SHAL,2,2
OXTE,2022.11.01,11/1/2022,INSTML,SECD,ME00,1,4.14
OXTE,2022.11.01,11/1/2022,INSTML,AIRT,ME00,1,17
OXTE,2022.11.01,11/1/2022,INSTML,TEMP,ME00,1,14.2
OXTE,2022.11.01,11/1/2022,INSTML,TEMP,ME01,1,14.2
OXTE,2022.11.01,11/1/2022,INSTML,TEMP,ME02,1,12
OXTE,2022.11.01,11/1/2022,INSTML,TEMP,ME03,1,12.4
OXTE,2022.11.01,11/1/2022,INSTML,TEMP,ME04,1,12.1
OXTE,2022.11.01,11/1/2022,INSTML,TEMP,ME05,1,11.6
OXTE,2022.11.01,11/1/2022,INSTML,TEMP,ME06,1,11.1
OXTE,2022.11.01,11/1/2022,INSTML,TEMP,ME07,1,10.9
OXTE,2022.11.01,11/1/2022,INSTML,TEMP,ME08,1,10.8
OXTE,2022.11.01,11/1/2022,INSTML,TEMP,ME09,1,10.5
CHEM,2022.11.01,11/1/2022,INSTML,ALKC,SURF,1,0
CHEM,2022.11.01,11/1/2022,INSTML,ALKC,SURF,2,0
CHEM,2022.11.01,11/1/2022,INSTML,ALKC,BOTT,1,0
CHEM,2022.11.01,11/1/2022,INSTML,ALKC,BOTT,2,0
CHEM,2022.11.01,11/1/2022,INSTML,ALKB,SURF,1,186
CHEM,2022.11.01,11/1/2022,INSTML,ALKB,SURF,2,186
CHEM,2022.11.01,11/1/2022,INSTML,ALKB,BOTT,1,176
CHEM,2022.11.01,11/1/2022,INSTML,ALKB,BOTT,2,172
CHEM,2022.11.01,11/1/2022,INSTML,COPR,SURF,1,0.04
CHEM,2022.11.01,11/1/2022,INSTML,COPR,SURF,2,0.01
CHEM,2022.11.01,11/1/2022,INSTML,COPR,BOTT,1,0.01
CHEM,2022.11.01,11/1/2022,INSTML,MANG,SURF,1,0
CHEM,2022.11.01,11/1/2022,INSTML,MANG,SURF,2,0.2
CHEM,2022.11.01,11/1/2022,INSTML,MANG,BOTT,1,0.2
CHEM,2022.11.01,11/1/2022,INSTML,MANG,BOTT,2,0
CHEM,2022.11.01,11/1/2022,INSTML,PORT,SURF,1,0.04
CHEM,2022.11.01,11/1/2022,INSTML,PORT,SURF,2,0.07
CHEM,2022.11.01,11/1/2022,INSTML,PORT,BOTT,1,0.28
CHEM,2022.11.01,11/1/2022,INSTML,PORT,BOTT,2,0.71
CHEM,2022.11.01,11/1/2022,INSTML,NTAM,SURF,1,0.26
CHEM,2022.11.01,11/1/2022,INSTML,NTAM,SURF,2,0.26
CHEM,2022.11.01,11/1/2022,INSTML,NTAM,BOTT,1,0.84
CHEM,2022.11.01,11/1/2022,INSTML,NTAM,BOTT,2,1.06
CHEM,2022.11.01,11/1/2022,INSTML,NTRA,SURF,1,0.3
CHEM,2022.11.01,11/1/2022,INSTML,NTRA,SURF,2,0.1
CHEM,2022.11.01,11/1/2022,INSTML,NTRA,BOTT,1,0.1
CHEM,2022.11.01,11/1/2022,INSTML,NTRA,BOTT,2,0.1
CHEM,2022.11.01,11/1/2022,INSTML,SIDE,SURF,1,0.001
CHEM,2022.11.01,11/1/2022,INSTML,SIDE,SURF,2,0.001
CHEM,2022.11.01,11/1/2022,INSTML,SIDE,BOTT,1,0.002
CHEM,2022.11.01,11/1/2022,INSTML,SIDE,BOTT,2,0.003
BENT,2022.11.01,11/1/2022,INSTML,MLTB,SHAL,1,1
BENT,2022.11.01,11/1/2022,INSTML,MLTB,SHAL,2,1
BENT,2022.11.01,11/1/2022,INSTML,EEPH,SHAL,1,1
BENT,2022.11.01,11/1/2022,INSTML,OZCO,SHAL,2,1
BENT,2022.11.01,11/1/2022,INSTML,OALI,SHAL,2,1
BENT,2022.11.01,11/1/2022,INSTML,DCHA,SHAL,2,2
BENT,2022.11.01,11/1/2022,INSTML,DCER,SHAL,2,1
BENT,2022.11.01,11/1/2022,INSTML,DCHI,SHAL,2,14
BENT,2022.11.01,11/1/2022,INSTML,HYAC,SHAL,2,1
BENT,2022.11.01,11/1/2022,INSTML,OPHR,SHAL,2,50
BENT,2022.11.01,11/1/2022,INSTML,MOGA,SHAL,2,14
BENT,2022.11.01,11/1/2022,INSTML,MLTB,DEEP,1,1
BENT,2022.11.01,11/1/2022,INSTML,MLTB,DEEP,2,1
BENT,2022.11.01,11/1/2022,INSTML,DCHI,DEEP,1,3
BENT,2022.11.01,11/1/2022,INSTML,DCHA,DEEP,2,35
OXTE,2022.09.07,2022/9/7,INSTJL,SECD,ME00,1,3.525
OXTE,2022.09.07,2022/9/7,INSTJL,AIRT,ME00,1,26
OXTE,2022.09.07,2022/9/7,INSTJL,TEMP,ME00,1,25.8
OXTE,2022.09.07,2022/9/7,INSTJL,TEMP,ME01,1,25.7
OXTE,2022.09.07,2022/9/7,INSTJL,TEMP,ME02,1,25.4
OXTE,2022.09.07,2022/9/7,INSTJL,TEMP,ME03,1,25.3
OXTE,2022.09.07,2022/9/7,INSTJL,TEMP,ME04,1,25.2
OXTE,2022.09.07,2022/9/7,INSTJL,TEMP,ME05,1,25.1
OXTE,2022.09.07,2022/9/7,INSTJL,TEMP,ME06,1,25.1
OXTE,2022.09.07,2022/9/7,INSTJL,TEMP,ME07,1,25.1
OXTE,2022.09.07,2022/9/7,INSTJL,TEMP,ME08,1,25
OXTE,2022.09.07,2022/9/7,INSTJL,TEMP,ME09,1,24.9
CHEM,2022.09.07,2022/9/7,INSTJL,COPR,SURF,1,0
CHEM,2022.09.07,2022/9/7,INSTJL,COPR,BOTT,1,0.02
CHEM,2022.09.07,2022/9/7,INSTJL,MANG,SURF,1,0.7
CHEM,2022.09.07,2022/9/7,INSTJL,NTRA,SURF,1,0.1
CHEM,2022.09.07,2022/9/7,INSTJL,PORT,SURF,1,0.02
CHEM,2022.09.07,2022/9/7,INSTJL,ALKC,SURF,1,0
CHEM,2022.09.07,2022/9/7,INSTJL,ALKC,SURF,2,0
CHEM,2022.09.07,2022/9/7,INSTJL,ALKC,BOTT,1,0
CHEM,2022.09.07,2022/9/7,INSTJL,ALKC,BOTT,2,0
CHEM,2022.09.07,2022/9/7,INSTJL,SIDE,SURF,1,0
CHEM,2022.09.07,2022/9/7,INSTJL,ALKB,SURF,1,152
CHEM,2022.09.07,2022/9/7,INSTJL,ALKB,SURF,2,140
CHEM,2022.09.07,2022/9/7,INSTJL,ALKB,BOTT,1,208
CHEM,2022.09.07,2022/9/7,INSTJL,ALKB,BOTT,2,220
BENT,2022.09.07,2022/9/7,INSTJL,DCHI,SHAL,1,4
BENT,2022.09.07,2022/9/7,INSTJL,OZCO,SHAL,1,1
BENT,2022.09.07,2022/9/7,INSTJL,HYAC,SHAL,1,1
BENT,2022.09.07,2022/9/7,INSTJL,ECAE,SHAL,2,2
BENT,2022.09.07,2022/9/7,INSTJL,CHYL,SHAL,2,1
BENT,2022.09.07,2022/9/7,INSTJL,DCHA,SHAL,2,2
BENT,2022.09.07,2022/9/7,INSTJL,DCHI,SHAL,2,3
BENT,2022.09.07,2022/9/7,INSTJL,HYAC,SHAL,2,5
BENT,2022.09.07,2022/9/7,INSTJL,MLTB,SHAL,1,1
BENT,2022.09.07,2022/9/7,INSTJL,MLTB,SHAL,2,1
OXTE,2022.09.13,2022/9/13,INSTJL,SECD,ME00,1,3.75
OXTE,2022.09.13,2022/9/13,INSTJL,TEMP,ME00,1,21
OXTE,2022.09.13,2022/9/13,INSTJL,TEMP,ME01,1,20.8
OXTE,2022.09.13,2022/9/13,INSTJL,TEMP,ME02,1,20.9
OXTE,2022.09.13,2022/9/13,INSTJL,TEMP,ME03,1,20.9
OXTE,2022.09.13,2022/9/13,INSTJL,TEMP,ME04,1,21
OXTE,2022.09.13,2022/9/13,INSTJL,TEMP,ME05,1,21
OXTE,2022.09.13,2022/9/13,INSTJL,TEMP,ME06,1,21.1
OXTE,2022.09.13,2022/9/13,INSTJL,TEMP,ME07,1,21.2
OXTE,2022.09.13,2022/9/13,INSTJL,TEMP,ME08,1,21.3
OXTE,2022.09.13,2022/9/13,INSTJL,TEMP,ME09,1,21.4
OXTE,2022.09.13,2022/9/13,INSTJL,TEMP,ME10,1,21.6
CHEM,2022.09.13,2022/9/13,INSTJL,ALKC,SURF,1,0
CHEM,2022.09.13,2022/9/13,INSTJL,ALKC,SURF,2,0
CHEM,2022.09.13,2022/9/13,INSTJL,ALKC,BOTT,1,0
CHEM,2022.09.13,2022/9/13,INSTJL,ALKC,BOTT,2,0
CHEM,2022.09.13,2022/9/13,INSTJL,ALKB,SURF,1,203
CHEM,2022.09.13,2022/9/13,INSTJL,ALKB,SURF,2,237
CHEM,2022.09.13,2022/9/13,INSTJL,ALKB,BOTT,1,210
CHEM,2022.09.13,2022/9/13,INSTJL,ALKB,BOTT,2,219
CHEM,2022.09.13,2022/9/13,INSTJL,COPR,SURF,1,0.03
CHEM,2022.09.13,2022/9/13,INSTJL,COPR,SURF,2,0.04
CHEM,2022.09.13,2022/9/13,INSTJL,COPR,BOTT,1,0.04
CHEM,2022.09.13,2022/9/13,INSTJL,COPR,BOTT,2,0.03
CHEM,2022.09.13,2022/9/13,INSTJL,MANG,SURF,1,0.2
CHEM,2022.09.13,2022/9/13,INSTJL,MANG,SURF,2,0.1
CHEM,2022.09.13,2022/9/13,INSTJL,MANG,BOTT,1,0.1
CHEM,2022.09.13,2022/9/13,INSTJL,MANG,BOTT,2,0.2
CHEM,2022.09.13,2022/9/13,INSTJL,NTAM,SURF,1,0
CHEM,2022.09.13,2022/9/13,INSTJL,NTAM,SURF,2,0
CHEM,2022.09.13,2022/9/13,INSTJL,NTAM,BOTT,1,0
CHEM,2022.09.13,2022/9/13,INSTJL,NTAM,BOTT,2,0.01
CHEM,2022.09.13,2022/9/13,INSTJL,NTRA,SURF,1,0.1
CHEM,2022.09.13,2022/9/13,INSTJL,NTRA,SURF,2,0.1
CHEM,2022.09.13,2022/9/13,INSTJL,NTRA,BOTT,1,0.1
CHEM,2022.09.13,2022/9/13,INSTJL,NTRA,BOTT,2,0.1
CHEM,2022.09.13,2022/9/13,INSTJL,PORT,SURF,1,0.06
CHEM,2022.09.13,2022/9/13,INSTJL,PORT,SURF,2,0.09
CHEM,2022.09.13,2022/9/13,INSTJL,PORT,BOTT,1,0.01
CHEM,2022.09.13,2022/9/13,INSTJL,PORT,BOTT,2,0.02
CHEM,2022.09.13,2022/9/13,INSTJL,SIDE,SURF,1,0
CHEM,2022.09.13,2022/9/13,INSTJL,SIDE,SURF,2,0.002
CHEM,2022.09.13,2022/9/13,INSTJL,SIDE,BOTT,1,0
CHEM,2022.09.13,2022/9/13,INSTJL,SIDE,BOTT,2,0.002
BENT,2022.09.13,2022/9/13,INSTJL,DCHI,SHAL,1,8
BENT,2022.09.13,2022/9/13,INSTJL,HYAC,SHAL,1,3
BENT,2022.09.13,2022/9/13,INSTJL,OALI,SHAL,2,1
BENT,2022.09.13,2022/9/13,INSTJL,DCHI,SHAL,2,3
BENT,2022.09.13,2022/9/13,INSTJL,HYAC,SHAL,2,1
BENT,2022.09.13,2022/9/13,INSTJL,MOPE,SHAL,2,2
BENT,2022.09.13,2022/9/13,INSTJL,MLTB,SHAL,1,1
BENT,2022.09.13,2022/9/13,INSTJL,MLTB,SHAL,2,1
BENT,2022.09.13,2022/9/13,INSTJL,DCHA,DEEP,1,57
BENT,2022.09.13,2022/9/13,INSTJL,DCHA,DEEP,2,27
BENT,2022.09.13,2022/9/13,INSTJL,MLTB,DEEP,1,1
BENT,2022.09.13,2022/9/13,INSTJL,MLTB,DEEP,2,1
OXTE,2022.09.21,2022/9/21,INSTJL,SECD,ME00,1,2.9
OXTE,2022.09.21,2022/9/21,INSTJL,AIRT,ME00,1,24.8
OXTE,2022.09.21,2022/9/21,INSTJL,TEMP,ME00,1,25.6
OXTE,2022.09.21,2022/9/21,INSTJL,TEMP,ME01,1,25.7
OXTE,2022.09.21,2022/9/21,INSTJL,TEMP,ME02,1,25.4
OXTE,2022.09.21,2022/9/21,INSTJL,TEMP,ME03,1,25.3
OXTE,2022.09.21,2022/9/21,INSTJL,TEMP,ME04,1,25
OXTE,2022.09.21,2022/9/21,INSTJL,TEMP,ME05,1,24.4
OXTE,2022.09.21,2022/9/21,INSTJL,TEMP,ME06,1,24.4
OXTE,2022.09.21,2022/9/21,INSTJL,TEMP,ME07,1,24.3
OXTE,2022.09.21,2022/9/21,INSTJL,TEMP,ME08,1,24.2
OXTE,2022.09.21,2022/9/21,INSTJL,TEMP,ME09,1,24.2
OXTE,2022.09.21,2022/9/21,INSTJL,TEMP,ME10,1,24.1
CHEM,2022.09.21,2022/9/21,INSTJL,ALKC,SURF,1,0
CHEM,2022.09.21,2022/9/21,INSTJL,ALKC,SURF,2,0
CHEM,2022.09.21,2022/9/21,INSTJL,ALKC,BOTT,1,0
CHEM,2022.09.21,2022/9/21,INSTJL,ALKC,BOTT,2,0
CHEM,2022.09.21,2022/9/21,INSTJL,ALKB,SURF,1,234
CHEM,2022.09.21,2022/9/21,INSTJL,ALKB,SURF,2,226
CHEM,2022.09.21,2022/9/21,INSTJL,ALKB,BOTT,1,224
CHEM,2022.09.21,2022/9/21,INSTJL,ALKB,BOTT,2,218
CHEM,2022.09.21,2022/9/21,INSTJL,COPR,SURF,1,0
CHEM,2022.09.21,2022/9/21,INSTJL,COPR,SURF,2,0
CHEM,2022.09.21,2022/9/21,INSTJL,COPR,BOTT,1,0.02
CHEM,2022.09.21,2022/9/21,INSTJL,COPR,BOTT,2,0.01
CHEM,2022.09.21,2022/9/21,INSTJL,MANG,SURF,1,0.1
CHEM,2022.09.21,2022/9/21,INSTJL,MANG,SURF,2,0
CHEM,2022.09.21,2022/9/21,INSTJL,MANG,BOTT,1,0
CHEM,2022.09.21,2022/9/21,INSTJL,MANG,BOTT,2,0
CHEM,2022.09.21,2022/9/21,INSTJL,PORT,SURF,1,0.01
CHEM,2022.09.21,2022/9/21,INSTJL,PORT,SURF,2,0
CHEM,2022.09.21,2022/9/21,INSTJL,PORT,BOTT,1,0.01
CHEM,2022.09.21,2022/9/21,INSTJL,PORT,BOTT,2,0.05
CHEM,2022.09.21,2022/9/21,INSTJL,NTAM,SURF,1,0.24
CHEM,2022.09.21,2022/9/21,INSTJL,NTAM,SURF,2,0.01
CHEM,2022.09.21,2022/9/21,INSTJL,NTAM,BOTT,1,0.23
CHEM,2022.09.21,2022/9/21,INSTJL,NTAM,BOTT,2,0.21
CHEM,2022.09.21,2022/9/21,INSTJL,NTRA,SURF,1,0.1
CHEM,2022.09.21,2022/9/21,INSTJL,NTRA,SURF,2,0.5
CHEM,2022.09.21,2022/9/21,INSTJL,NTRA,BOTT,1,0.1
CHEM,2022.09.21,2022/9/21,INSTJL,NTRA,BOTT,2,0.1
CHEM,2022.09.21,2022/9/21,INSTJL,SIDE,SURF,1,0
CHEM,2022.09.21,2022/9/21,INSTJL,SIDE,SURF,2,0
CHEM,2022.09.21,2022/9/21,INSTJL,SIDE,BOTT,1,0.002
CHEM,2022.09.21,2022/9/21,INSTJL,SIDE,BOTT,2,0
BENT,2022.09.21,2022/9/21,INSTJL,DCHI,SHAL,1,3
BENT,2022.09.21,2022/9/21,INSTJL,HYAC,SHAL,1,6
BENT,2022.09.21,2022/9/21,INSTJL,DCHA,SHAL,1,5
BENT,2022.09.21,2022/9/21,INSTJL,DCHI,SHAL,2,2
BENT,2022.09.21,2022/9/21,INSTJL,HYAC,SHAL,2,4
BENT,2022.09.21,2022/9/21,INSTJL,ANOL,SHAL,2,1
BENT,2022.09.21,2022/9/21,INSTJL,MLTB,SHAL,1,1
BENT,2022.09.21,2022/9/21,INSTJL,MLTB,SHAL,2,1
BENT,2022.09.21,2022/9/21,INSTJL,DCHA,DEEP,1,21
BENT,2022.09.21,2022/9/21,INSTJL,DCHA,DEEP,2,80
BENT,2022.09.21,2022/9/21,INSTJL,MLTB,DEEP,1,1
BENT,2022.09.21,2022/9/21,INSTJL,MLTB,DEEP,2,1
OXTE,2022.10.04,2022/10/4,INSTJL,SECD,ME00,1,3.25
OXTE,2022.10.04,2022/10/4,INSTJL,TEMP,ME00,1,22.3
OXTE,2022.10.04,2022/10/4,INSTJL,TEMP,ME01,1,19.2
OXTE,2022.10.04,2022/10/4,INSTJL,TEMP,ME02,1,19
OXTE,2022.10.04,2022/10/4,INSTJL,TEMP,ME03,1,18.4
OXTE,2022.10.04,2022/10/4,INSTJL,TEMP,ME04,1,18.2
OXTE,2022.10.04,2022/10/4,INSTJL,TEMP,ME05,1,18.1
OXTE,2022.10.04,2022/10/4,INSTJL,TEMP,ME06,1,18
OXTE,2022.10.04,2022/10/4,INSTJL,TEMP,ME07,1,17.8
OXTE,2022.10.04,2022/10/4,INSTJL,TEMP,ME08,1,17.5
OXTE,2022.10.04,2022/10/4,INSTJL,TEMP,ME09,1,17.4
OXTE,2022.10.04,2022/10/4,INSTJL,TEMP,ME10,1,17.3
CHEM,2022.10.04,2022/10/4,INSTJL,ALKC,SURF,1,0
CHEM,2022.10.04,2022/10/4,INSTJL,ALKC,SURF,2,0
CHEM,2022.10.04,2022/10/4,INSTJL,ALKC,BOTT,1,0
CHEM,2022.10.04,2022/10/4,INSTJL,ALKC,BOTT,2,0
CHEM,2022.10.04,2022/10/4,INSTJL,ALKB,SURF,1,220
CHEM,2022.10.04,2022/10/4,INSTJL,ALKB,SURF,2,220
CHEM,2022.10.04,2022/10/4,INSTJL,ALKB,BOTT,1,224
CHEM,2022.10.04,2022/10/4,INSTJL,ALKB,BOTT,2,240
CHEM,2022.10.04,2022/10/4,INSTJL,NTRA,SURF,1,0.1
CHEM,2022.10.04,2022/10/4,INSTJL,NTRA,SURF,2,0.1
CHEM,2022.10.04,2022/10/4,INSTJL,NTRA,BOTT,1,0.1
CHEM,2022.10.04,2022/10/4,INSTJL,NTRA,BOTT,2,0.1
CHEM,2022.10.04,2022/10/4,INSTJL,SIDE,SURF,1,0.001
BENT,2022.10.04,2022/10/4,INSTJL,ECAE,SHAL,1,10
BENT,2022.10.04,2022/10/4,INSTJL,ECAE,SHAL,2,2
BENT,2022.10.04,2022/10/4,INSTJL,DCHI,SHAL,1,56
BENT,2022.10.04,2022/10/4,INSTJL,DCHI,SHAL,2,26
BENT,2022.10.04,2022/10/4,INSTJL,HYAC,SHAL,1,3
BENT,2022.10.04,2022/10/4,INSTJL,HYAC,SHAL,2,6
BENT,2022.10.04,2022/10/4,INSTJL,MLTB,SHAL,1,1
BENT,2022.10.04,2022/10/4,INSTJL,MLTB,SHAL,2,1
BENT,2022.10.04,2022/10/4,INSTJL,DCHA,DEEP,1,24
BENT,2022.10.04,2022/10/4,INSTJL,DCHA,DEEP,2,34
BENT,2022.10.04,2022/10/4,INSTJL,DCHI,DEEP,1,2
BENT,2022.10.04,2022/10/4,INSTJL,DCHI,DEEP,2,1
BENT,2022.10.04,2022/10/4,INSTJL,MLTB,DEEP,1,1
BENT,2022.10.04,2022/10/4,INSTJL,MLTB,DEEP,2,1
OXTE,2022.10.12,2022/10/12,INSTJL,SECD,ME00,1,1.75
OXTE,2022.10.12,2022/10/12,INSTJL,AIRT,ME00,1,16.4
OXTE,2022.10.12,2022/10/12,INSTJL,TEMP,ME00,1,16.4
OXTE,2022.10.12,2022/10/12,INSTJL,TEMP,ME01,1,15.6
OXTE,2022.10.12,2022/10/12,INSTJL,TEMP,ME02,1,15.5
OXTE,2022.10.12,2022/10/12,INSTJL,TEMP,ME03,1,15.5
OXTE,2022.10.12,2022/10/12,INSTJL,TEMP,ME04,1,15.3
OXTE,2022.10.12,2022/10/12,INSTJL,TEMP,ME05,1,15.2
OXTE,2022.10.12,2022/10/12,INSTJL,TEMP,ME06,1,15.1
OXTE,2022.10.12,2022/10/12,INSTJL,TEMP,ME07,1,15.1
OXTE,2022.10.12,2022/10/12,INSTJL,TEMP,ME08,1,15
OXTE,2022.10.12,2022/10/12,INSTJL,TEMP,ME09,1,14.8
OXTE,2022.10.12,2022/10/12,INSTJL,TEMP,ME10,1,14.8
CHEM,2022.10.12,2022/10/12,INSTJL,ALKC,SURF,1,0
CHEM,2022.10.12,2022/10/12,INSTJL,ALKC,SURF,2,0
CHEM,2022.10.12,2022/10/12,INSTJL,ALKC,BOTT,1,0
CHEM,2022.10.12,2022/10/12,INSTJL,ALKC,BOTT,2,0
CHEM,2022.10.12,2022/10/12,INSTJL,ALKB,SURF,1,220
CHEM,2022.10.12,2022/10/12,INSTJL,ALKB,SURF,2,240
CHEM,2022.10.12,2022/10/12,INSTJL,ALKB,BOTT,1,236
CHEM,2022.10.12,2022/10/12,INSTJL,ALKB,BOTT,2,262
CHEM,2022.10.12,2022/10/12,INSTJL,COPR,SURF,1,0.01
CHEM,2022.10.12,2022/10/12,INSTJL,COPR,SURF,2,0.03
CHEM,2022.10.12,2022/10/12,INSTJL,COPR,BOTT,1,0.01
CHEM,2022.10.12,2022/10/12,INSTJL,COPR,BOTT,2,0.02
CHEM,2022.10.12,2022/10/12,INSTJL,MANG,SURF,1,4.5
CHEM,2022.10.12,2022/10/12,INSTJL,MANG,SURF,2,2.2
CHEM,2022.10.12,2022/10/12,INSTJL,MANG,BOTT,1,4.3
CHEM,2022.10.12,2022/10/12,INSTJL,MANG,BOTT,2,2.6
CHEM,2022.10.12,2022/10/12,INSTJL,PORT,SURF,1,0.06
CHEM,2022.10.12,2022/10/12,INSTJL,PORT,SURF,2,0.04
CHEM,2022.10.12,2022/10/12,INSTJL,PORT,BOTT,1,0.03
CHEM,2022.10.12,2022/10/12,INSTJL,PORT,BOTT,2,0.05
CHEM,2022.10.12,2022/10/12,INSTJL,NTAM,SURF,1,0.05
CHEM,2022.10.12,2022/10/12,INSTJL,NTAM,SURF,2,0.05
CHEM,2022.10.12,2022/10/12,INSTJL,NTAM,BOTT,1,0.06
CHEM,2022.10.12,2022/10/12,INSTJL,NTAM,BOTT,2,0.07
CHEM,2022.10.12,2022/10/12,INSTJL,NTRA,SURF,1,0
CHEM,2022.10.12,2022/10/12,INSTJL,NTRA,SURF,2,0
CHEM,2022.10.12,2022/10/12,INSTJL,NTRA,BOTT,1,0.1
CHEM,2022.10.12,2022/10/12,INSTJL,NTRA,BOTT,2,0.1
CHEM,2022.10.12,2022/10/12,INSTJL,SIDE,SURF,1,0.004
CHEM,2022.10.12,2022/10/12,INSTJL,SIDE,SURF,2,0.003
CHEM,2022.10.12,2022/10/12,INSTJL,SIDE,BOTT,1,0.001
CHEM,2022.10.12,2022/10/12,INSTJL,SIDE,BOTT,2,0.002
BENT,2022.10.12,2022/10/12,INSTJL,EEPH,SHAL,1,1
BENT,2022.10.12,2022/10/12,INSTJL,DCHA,SHAL,1,1
BENT,2022.10.12,2022/10/12,INSTJL,DCHI,SHAL,1,11
BENT,2022.10.12,2022/10/12,INSTJL,DCHI,SHAL,2,3
BENT,2022.10.12,2022/10/12,INSTJL,HYAC,SHAL,1,1
BENT,2022.10.12,2022/10/12,INSTJL,HYAC,SHAL,2,4
BENT,2022.10.12,2022/10/12,INSTJL,MLTB,SHAL,1,1
BENT,2022.10.12,2022/10/12,INSTJL,MLTB,SHAL,2,1
BENT,2022.10.12,2022/10/12,INSTJL,DCHA,DEEP,1,2
BENT,2022.10.12,2022/10/12,INSTJL,DCHA,DEEP,2,1
BENT,2022.10.12,2022/10/12,INSTJL,DCHI,DEEP,2,1
BENT,2022.10.12,2022/10/12,INSTJL,MOGA,DEEP,1,3
BENT,2022.10.12,2022/10/12,INSTJL,HYAC,DEEP,1,9
BENT,2022.10.12,2022/10/12,INSTJL,HYAC,DEEP,2,7
BENT,2022.10.12,2022/10/12,INSTJL,MLTB,DEEP,1,1
BENT,2022.10.12,2022/10/12,INSTJL,MLTB,DEEP,2,1
OXTE,2022.10.25,2022/10/25,INSTJL,SECD,ME00,1,3.875
OXTE,2022.10.25,2022/10/25,INSTJL,AIRT,ME00,1,20
OXTE,2022.10.25,2022/10/25,INSTJL,TEMP,ME00,1,19.1
OXTE,2022.10.25,2022/10/25,INSTJL,TEMP,ME01,1,19.3
OXTE,2022.10.25,2022/10/25,INSTJL,TEMP,ME02,1,19.4
OXTE,2022.10.25,2022/10/25,INSTJL,TEMP,ME03,1,19.5
OXTE,2022.10.25,2022/10/25,INSTJL,TEMP,ME04,1,19.5
OXTE,2022.10.25,2022/10/25,INSTJL,TEMP,ME05,1,19.4
OXTE,2022.10.25,2022/10/25,INSTJL,TEMP,ME06,1,19.4
OXTE,2022.10.25,2022/10/25,INSTJL,TEMP,ME07,1,19.2
OXTE,2022.10.25,2022/10/25,INSTJL,TEMP,ME08,1,19.1
OXTE,2022.10.25,2022/10/25,INSTJL,TEMP,ME09,1,19
OXTE,2022.10.25,2022/10/25,INSTJL,TEMP,ME10,1,18.9
CHEM,2022.10.25,2022/10/25,INSTJL,ALKC,SURF,1,0
CHEM,2022.10.25,2022/10/25,INSTJL,ALKC,SURF,2,0
CHEM,2022.10.25,2022/10/25,INSTJL,ALKC,BOTT,1,0
CHEM,2022.10.25,2022/10/25,INSTJL,ALKC,BOTT,2,0
CHEM,2022.10.25,2022/10/25,INSTJL,ALKB,SURF,1,240
CHEM,2022.10.25,2022/10/25,INSTJL,ALKB,SURF,2,140
CHEM,2022.10.25,2022/10/25,INSTJL,ALKB,BOTT,1,224
CHEM,2022.10.25,2022/10/25,INSTJL,ALKB,BOTT,2,234
CHEM,2022.10.25,2022/10/25,INSTJL,COPR,SURF,1,0.03
CHEM,2022.10.25,2022/10/25,INSTJL,COPR,SURF,2,0.04
CHEM,2022.10.25,2022/10/25,INSTJL,COPR,BOTT,1,0.01
CHEM,2022.10.25,2022/10/25,INSTJL,COPR,BOTT,2,0
CHEM,2022.10.25,2022/10/25,INSTJL,MANG,SURF,1,0
CHEM,2022.10.25,2022/10/25,INSTJL,MANG,SURF,2,0
CHEM,2022.10.25,2022/10/25,INSTJL,MANG,BOTT,1,0.3
CHEM,2022.10.25,2022/10/25,INSTJL,MANG,BOTT,2,0.1
CHEM,2022.10.25,2022/10/25,INSTJL,PORT,SURF,1,0.02
CHEM,2022.10.25,2022/10/25,INSTJL,PORT,SURF,2,0
CHEM,2022.10.25,2022/10/25,INSTJL,PORT,BOTT,1,0
CHEM,2022.10.25,2022/10/25,INSTJL,PORT,BOTT,2,0.14
CHEM,2022.10.25,2022/10/25,INSTJL,NTAM,SURF,1,0.03
CHEM,2022.10.25,2022/10/25,INSTJL,NTAM,SURF,2,0.13
CHEM,2022.10.25,2022/10/25,INSTJL,NTAM,BOTT,1,0.08
CHEM,2022.10.25,2022/10/25,INSTJL,NTAM,BOTT,2,0.56
CHEM,2022.10.25,2022/10/25,INSTJL,NTRA,SURF,1,0.1
CHEM,2022.10.25,2022/10/25,INSTJL,NTRA,SURF,2,0.1
CHEM,2022.10.25,2022/10/25,INSTJL,NTRA,BOTT,1,0.1
CHEM,2022.10.25,2022/10/25,INSTJL,NTRA,BOTT,2,0.1
CHEM,2022.10.25,2022/10/25,INSTJL,SIDE,SURF,1,0.002
CHEM,2022.10.25,2022/10/25,INSTJL,SIDE,SURF,2,0.001
CHEM,2022.10.25,2022/10/25,INSTJL,SIDE,BOTT,1,0.002
CHEM,2022.10.25,2022/10/25,INSTJL,SIDE,BOTT,2,0.005
BENT,2022.10.25,2022/10/25,INSTJL,DCHA,SHAL,2,1
BENT,2022.10.25,2022/10/25,INSTJL,DCHI,SHAL,1,6
BENT,2022.10.25,2022/10/25,INSTJL,DCHI,SHAL,2,3
BENT,2022.10.25,2022/10/25,INSTJL,MLTB,SHAL,1,1
BENT,2022.10.25,2022/10/25,INSTJL,MLTB,SHAL,2,1
BENT,2022.10.25,2022/10/25,INSTJL,DCHA,DEEP,1,29
BENT,2022.10.25,2022/10/25,INSTJL,DCHA,DEEP,2,33
BENT,2022.10.25,2022/10/25,INSTJL,DCHI,DEEP,1,9
BENT,2022.10.25,2022/10/25,INSTJL,HYAC,DEEP,1,1
BENT,2022.10.25,2022/10/25,INSTJL,MLTB,DEEP,1,1
BENT,2022.10.25,2022/10/25,INSTJL,MLTB,DEEP,2,1
OXTE,2022.11.02,2022/11/2,INSTJL,SECD,ME00,1,3
OXTE,2022.11.02,2022/11/2,INSTJL,AIRT,ME00,1,20
OXTE,2022.11.02,2022/11/2,INSTJL,TEMP,ME00,1,21.2
OXTE,2022.11.02,2022/11/2,INSTJL,TEMP,ME01,1,21.2
OXTE,2022.11.02,2022/11/2,INSTJL,TEMP,ME02,1,21.1
OXTE,2022.11.02,2022/11/2,INSTJL,TEMP,ME03,1,21.1
OXTE,2022.11.02,2022/11/2,INSTJL,TEMP,ME04,1,21.1
OXTE,2022.11.02,2022/11/2,INSTJL,TEMP,ME05,1,21.1
OXTE,2022.11.02,2022/11/2,INSTJL,TEMP,ME06,1,21
OXTE,2022.11.02,2022/11/2,INSTJL,TEMP,ME07,1,20.9
OXTE,2022.11.02,2022/11/2,INSTJL,TEMP,ME08,1,20.8
CHEM,2022.11.02,2022/11/2,INSTJL,ALKC,SURF,1,0
CHEM,2022.11.02,2022/11/2,INSTJL,ALKC,SURF,2,0
CHEM,2022.11.02,2022/11/2,INSTJL,ALKC,BOTT,1,0
CHEM,2022.11.02,2022/11/2,INSTJL,ALKC,BOTT,2,0
CHEM,2022.11.02,2022/11/2,INSTJL,ALKB,SURF,1,240
CHEM,2022.11.02,2022/11/2,INSTJL,ALKB,SURF,2,240
CHEM,2022.11.02,2022/11/2,INSTJL,ALKB,BOTT,1,232
CHEM,2022.11.02,2022/11/2,INSTJL,ALKB,BOTT,2,268
CHEM,2022.11.02,2022/11/2,INSTJL,MANG,SURF,1,0
CHEM,2022.11.02,2022/11/2,INSTJL,MANG,SURF,2,0
CHEM,2022.11.02,2022/11/2,INSTJL,MANG,BOTT,1,0.1
CHEM,2022.11.02,2022/11/2,INSTJL,MANG,BOTT,2,0
CHEM,2022.11.02,2022/11/2,INSTJL,PORT,SURF,1,0
CHEM,2022.11.02,2022/11/2,INSTJL,PORT,SURF,2,0
CHEM,2022.11.02,2022/11/2,INSTJL,PORT,BOTT,1,0.02
CHEM,2022.11.02,2022/11/2,INSTJL,PORT,BOTT,2,0.04
CHEM,2022.11.02,2022/11/2,INSTJL,NTAM,SURF,1,0.12
CHEM,2022.11.02,2022/11/2,INSTJL,NTAM,SURF,2,0.05
CHEM,2022.11.02,2022/11/2,INSTJL,NTAM,BOTT,1,0.16
CHEM,2022.11.02,2022/11/2,INSTJL,NTAM,BOTT,2,0.16
CHEM,2022.11.02,2022/11/2,INSTJL,NTRA,SURF,1,0.1
CHEM,2022.11.02,2022/11/2,INSTJL,NTRA,SURF,2,0.1
CHEM,2022.11.02,2022/11/2,INSTJL,NTRA,BOTT,1,0
CHEM,2022.11.02,2022/11/2,INSTJL,NTRA,BOTT,2,0
CHEM,2022.11.02,2022/11/2,INSTJL,SIDE,SURF,1,0
CHEM,2022.11.02,2022/11/2,INSTJL,SIDE,SURF,2,0
CHEM,2022.11.02,2022/11/2,INSTJL,SIDE,BOTT,1,0
CHEM,2022.11.02,2022/11/2,INSTJL,SIDE,BOTT,2,0
BENT,2022.11.02,2022/11/2,INSTJL,ECAE,SHAL,1,2
BENT,2022.11.02,2022/11/2,INSTJL,ECAE,SHAL,2,1
BENT,2022.11.02,2022/11/2,INSTJL,OZCO,SHAL,1,2
BENT,2022.11.02,2022/11/2,INSTJL,OALI,SHAL,1,1
BENT,2022.11.02,2022/11/2,INSTJL,DCHI,SHAL,1,33
BENT,2022.11.02,2022/11/2,INSTJL,DCHI,SHAL,2,12
BENT,2022.11.02,2022/11/2,INSTJL,HYAC,SHAL,1,1
BENT,2022.11.02,2022/11/2,INSTJL,HYAC,SHAL,2,1
BENT,2022.11.02,2022/11/2,INSTJL,MOGA,SHAL,1,1
BENT,2022.11.02,2022/11/2,INSTJL,ANOL,SHAL,1,4
BENT,2022.11.02,2022/11/2,INSTJL,TBRA,SHAL,1,1
BENT,2022.11.02,2022/11/2,INSTJL,OPHR,SHAL,2,14
BENT,2022.11.02,2022/11/2,INSTJL,MLTB,SHAL,1,1
BENT,2022.11.02,2022/11/2,INSTJL,MLTB,SHAL,2,1
BENT,2022.11.02,2022/11/2,INSTJL,DCHA,DEEP,1,1
BENT,2022.11.02,2022/11/2,INSTJL,DCHA,DEEP,2,136
BENT,2022.11.02,2022/11/2,INSTJL,DCHI,DEEP,1,12
BENT,2022.11.02,2022/11/2,INSTJL,DCHI,DEEP,2,4
BENT,2022.11.02,2022/11/2,INSTJL,HYAC,DEEP,1,1
BENT,2022.11.02,2022/11/2,INSTJL,MOPE,DEEP,1,1
BENT,2022.11.02,2022/11/2,INSTJL,ANOL,DEEP,1,3
BENT,2022.11.02,2022/11/2,INSTJL,MLTB,DEEP,1,1
BENT,2022.11.02,2022/11/2,INSTJL,MLTB,DEEP,2,1
